BookTitle	ChapterTitle	Length
BOOK I.  HSIO R.	CHAPTER I	297
BOOK I.  HSIO R.	CHAP. II	472
BOOK I.  HSIO R.	CHAP. III	110
BOOK I.  HSIO R.	CHAP. IV	307
BOOK I.  HSIO R.	CHAP. V	229
BOOK I.  HSIO R.	CHAP. VI	335
BOOK I.  HSIO R.	CHAP. VII	394
BOOK I.  HSIO R.	CHAP. VIII	315
BOOK I.  HSIO R.	CHAP. IX	248
BOOK I.  HSIO R.	CHAP. X	413
BOOK I.  HSIO R.	CHAP. XI	219
BOOK I.  HSIO R.	CHAP. XII	431
BOOK I.  HSIO R.	CHAP. XIII	333
BOOK I.  HSIO R.	CHAP. XIV	373
BOOK I.  HSIO R.	CHAP. XV	646
BOOK I.  HSIO R.	CHAP. XVI	116
BOOK II. WEI CHANG.	CHAP. I	178
BOOK II. WEI CHANG.	CHAP. II	169
BOOK II. WEI CHANG.	CHAP. III	354
BOOK II. WEI CHANG.	CHAP. IV	384
BOOK II. WEI CHANG.	CHAP. V	525
BOOK II. WEI CHANG.	CHAP. VI	122
BOOK II. WEI CHANG.	CHAP. VII	298
BOOK II. WEI CHANG.	CHAP. VIII	311
BOOK II. WEI CHANG.	CHAP. IX	286
BOOK II. WEI CHANG.	CHAP. X	225
BOOK II. WEI CHANG.	CHAP. XI	145
BOOK II. WEI CHANG.	CHAP. XII	72
BOOK II. WEI CHANG.	CHAP. XIII	154
BOOK II. WEI CHANG.	CHAP. XIV	118
BOOK II. WEI CHANG.	CHAP. XV	108
BOOK II. WEI CHANG.	CHAP. XVI	82
BOOK II. WEI CHANG.	CHAP. XVII	208
BOOK II. WEI CHANG.	CHAP. XVII	595
BOOK II. WEI CHANG.	CHAP. XIX	285
BOOK II. WEI CHANG.	CHAP. XX	404
BOOK II. WEI CHANG.	CHAP. XXI	392
BOOK II. WEI CHANG.	CHAP. XXII	240
BOOK II. WEI CHANG.	CHAP. XXIII	443
BOOK II. WEI CHANG.	CHAP. XXIV	172
BOOK III. PA YIH.	CHAP. I	160
BOOK III. PA YIH.	CHAP. II	291
BOOK III. PA YIH.	CHAP. III	210
BOOK III. PA YIH.	CHAP. IV	332
BOOK III. PA YIH.	CHAP. V	157
BOOK III. PA YIH.	CHAP. VI	264
BOOK III. PA YIH.	CHAP. VII	297
BOOK III. PA YIH.	CHAP. VIII	478
BOOK III. PA YIH.	CHAP. IX	375
BOOK III. PA YIH.	CHAP. X	119
BOOK III. PA YIH.	CHAP. XI	207
BOOK III. PA YIH.	CHAP. XII	234
BOOK III. PA YIH.	CHAP. XIII	252
BOOK III. PA YIH.	CHAP. XIV	148
BOOK III. PA YIH.	CHAP. XV	301
BOOK III. PA YIH.	CHAP. XVI	171
BOOK III. PA YIH.	CHAP. XVII	212
BOOK III. PA YIH.	CHAP. XVII	138
BOOK III. PA YIH.	CHAP. XIX	279
BOOK III. PA YIH.	CHAP. XX	144
BOOK III. PA YIH.	CHAP. XXI	517
BOOK III. PA YIH.	CHAP. XXII	665
BOOK III. PA YIH.	CHAP. XXXII	299
BOOK III. PA YIH.	CHAP. XXIV	488
BOOK III. PA YIH.	CHAP. XXV	169
BOOK III. PA YIH.	CHAP. XXVI	191
BOOK IV. LE JIN.	CHAP. I	196
BOOK IV. LE JIN.	CHAP. II	209
BOOK IV. LE JIN.	CHAP. III	105
BOOK IV. LE JIN.	CHAP. IV	100
BOOK IV. LE JIN.	CHAP. V	530
BOOK IV. LE JIN.	CHAP. VI	531
BOOK IV. LE JIN.	CHAP. VII	168
BOOK IV. LE JIN.	CHAP. VIII	115
BOOK IV. LE JIN.	CHAP. IX	150
BOOK IV. LE JIN.	CHAP. X	155
BOOK IV. LE JIN.	CHAP. XI	201
BOOK IV. LE JIN.	CHAP. XII	114
BOOK IV. LE JIN.	CHAP. XIII	251
BOOK IV. LE JIN.	CHAP. XIV	206
BOOK IV. LE JIN.	CHAP. XV	377
BOOK IV. LE JIN.	CHAP. XVI	142
BOOK IV. LE JIN.	CHAP. XVII	177
BOOK IV. LE JIN.	CHAP. XVIII	301
BOOK IV. LE JIN.	CHAP. XIX	166
BOOK IV. LE JIN.	CHAP. XX	124
BOOK IV. LE JIN.	CHAP. XXI	138
BOOK IV. LE JIN.	CHAP. XXII	172
BOOK IV. LE JIN.	CHAP. XXIII	55
BOOK IV. LE JIN.	CHAP. XXIV	106
BOOK IV. LE JIN.	CHAP. XXV	105
BOOK IV. LE JIN.	CHAP. XXVI	145
BOOK V. KUNG-YE CH'ANG.	CHAP. I	420
BOOK V. KUNG-YE CH'ANG.	CHAP. II	171
BOOK V. KUNG-YE CH'ANG.	CHAP. III	145
BOOK V. KUNG-YE CH'ANG.	CHAP. IV	354
BOOK V. KUNG-YE CH'ANG.	CHAP. V	171
BOOK V. KUNG-YE CH'ANG.	CHAP. VI	301
BOOK V. KUNG-YE CH'ANG.	CHAP. VII	751
BOOK V. KUNG-YE CH'ANG.	CHAP. VII	345
BOOK V. KUNG-YE CH'ANG.	CHAP. IX	441
BOOK V. KUNG-YE CH'ANG.	CHAP. X	227
BOOK V. KUNG-YE CH'ANG.	CHAP. XI	151
BOOK V. KUNG-YE CH'ANG.	CHAP. XII	201
BOOK V. KUNG-YE CH'ANG.	CHAP. XIII	152
BOOK V. KUNG-YE CH'ANG.	CHAP. XIV	261
BOOK V. KUNG-YE CH'ANG.	CHAP. XV	266
BOOK V. KUNG-YE CH'ANG.	CHAP. XVI	163
BOOK V. KUNG-YE CH'ANG.	CHAP. XVII	261
BOOK V. KUNG-YE CH'ANG.	CHAP. XVIII	931
BOOK V. KUNG-YE CH'ANG.	CHAP. XIX	111
BOOK V. KUNG-YE CH'ANG.	CHAP. XX	245
BOOK V. KUNG-YE CH'ANG.	CHAP. XXI	245
BOOK V. KUNG-YE CH'ANG.	CHAP. XXII	158
BOOK V. KUNG-YE CH'ANG.	CHAP. XXIII	163
BOOK V. KUNG-YE CH'ANG.	CHAP. XXIV	297
BOOK V. KUNG-YE CH'ANG.	CHAP. XXV	662
BOOK V. KUNG-YE CH'ANG.	CHAP. XXVI	129
BOOK V. KUNG-YE CH'ANG.	CHAP. XXVII	135
BOOK VI. YUNG YEY.	CHAP. I	612
BOOK VI. YUNG YEY.	CHAP. II	345
BOOK VI. YUNG YEY.	CHAP. III	707
BOOK VI. YUNG YEY.	CHAP. IV	200
BOOK VI. YUNG YEY.	CHAP. V	208
BOOK VI. YUNG YEY.	CHAP. VI	517
BOOK VI. YUNG YEY.	CHAP. VII	262
BOOK VI. YUNG YEY.	CHAP. VIII	273
BOOK VI. YUNG YEY.	CHAP. IX	307
BOOK VI. YUNG YEY.	CHAP. X	232
BOOK VI. YUNG YEY.	CHAP. XI	135
BOOK VI. YUNG YEY.	CHAP. XII	246
BOOK VI. YUNG YEY.	CHAP. XIII	254
BOOK VI. YUNG YEY.	CHAP. XIV	166
BOOK VI. YUNG YEY.	CHAP. XV	119
BOOK VI. YUNG YEY.	CHAP. XVI	302
BOOK VI. YUNG YEY.	CHAP. XVII	162
BOOK VI. YUNG YEY.	CHAP. XVIII	152
BOOK VI. YUNG YEY.	CHAP. XIX	191
BOOK VI. YUNG YEY.	CHAP. XX	419
BOOK VI. YUNG YEY.	CHAP. XXI	197
BOOK VI. YUNG YEY.	CHAP. XXII	158
BOOK VI. YUNG YEY.	CHAP. XXIII	120
BOOK VI. YUNG YEY.	CHAP. XXIV	318
BOOK VI. YUNG YEY.	CHAP. XXV	195
BOOK VI. YUNG YEY.	CHAP. XXVI	183
BOOK VI. YUNG YEY.	CHAP. XXVII	154
BOOK VI. YUNG YEY.	CHAP. XXVIII	635
BOOK VII. SHU R.	CHAP. I	146
BOOK VII. SHU R.	CHAP. II	183
BOOK VII. SHU R.	CHAP. III	301
BOOK VII. SHU R.	CHAP. IV	100
BOOK VII. SHU R.	CHAP. V	137
BOOK VII. SHU R.	CHAP. VI	261
BOOK VII. SHU R.	CHAP. VII	147
BOOK VII. SHU R.	CHAP. VIII	288
BOOK VII. SHU R.	CHAP. IX	165
BOOK VII. SHU R.	CHAP. X	602
BOOK VII. SHU R.	CHAP. XI	232
BOOK VII. SHU R.	CHAP. XII	122
BOOK VII. SHU R.	CHAP. XIII	196
BOOK VII. SHU R.	CHAP. XIV	477
BOOK VII. SHU R.	CHAP. XV	235
BOOK VII. SHU R.	CHAP. XVI	159
BOOK VII. SHU R.	CHAP. XVII	168
BOOK VII. SHU R.	CHAP. XVIII	338
BOOK VII. SHU R.	CHAP. XIX	155
BOOK VII. SHU R.	CHAP. XX	138
BOOK VII. SHU R.	CHAP. XXI	186
BOOK VII. SHU R.	CHAP. XXII	105
BOOK VII. SHU R.	CHAP. XXIII	201
BOOK VII. SHU R.	CHAP. XXIV	114
BOOK VII. SHU R.	CHAP. XXV	452
BOOK VII. SHU R.	CHAP. XXVI	92
BOOK VII. SHU R.	CHAP. XXVII	231
BOOK VII. SHU R.	CHAP. XXVIII	452
BOOK VII. SHU R.	CHAP. XXIX	105
BOOK VII. SHU R.	CHAP. XXX	639
BOOK VII. SHU R.	CHAP. XXXI	168
BOOK VII. SHU R.	CHAP. XXXII	196
BOOK VII. SHU R.	CHAP. XXXIII	297
BOOK VII. SHU R.	CHAP. XXXIV	302
BOOK VII. SHU R.	CHAP. XXXV	145
BOOK VII. SHU R.	CHAP. XXXVI	114
BOOK VII. SHU R.	CHAP. XXXVII	99
BOOK VIII. T'AI-PO.	CHAP. I	231
BOOK VIII. T'AI-PO.	CHAP. II	523
BOOK VIII. T'AI-PO.	CHAP. III	388
BOOK VIII. T'AI-PO.	CHAP. IV	641
BOOK VIII. T'AI-PO.	CHAP. V	374
BOOK VIII. T'AI-PO.	CHAP. VI	336
BOOK VIII. T'AI-PO.	CHAP. VII	315
BOOK VIII. T'AI-PO.	CHAP. VIII	213
BOOK VIII. T'AI-PO.	CHAP. IX	123
BOOK VIII. T'AI-PO.	CHAP. X	214
BOOK VIII. T'AI-PO.	CHAP. XI	191
BOOK VIII. T'AI-PO.	CHAP. XII	117
BOOK VIII. T'AI-PO.	CHAP. XIII	560
BOOK VIII. T'AI-PO.	CHAP. XIV	136
BOOK VIII. T'AI-PO.	CHAP. XV	155
BOOK VIII. T'AI-PO.	CHAP. XVI	151
BOOK VIII. T'AI-PO.	CHAP. XVII	128
BOOK VIII. T'AI-PO.	CHAP. XVIII	141
BOOK VIII. T'AI-PO.	CHAP. XIX	348
BOOK VIII. T'AI-PO.	CHAP. XX	588
BOOK VIII. T'AI-PO.	CHAP. XXI	400
BOOK IX. TSZE HAN.	CHAP. I	136
BOOK IX. TSZE HAN.	CHAP. II	379
BOOK IX. TSZE HAN.	CHAP. III	387
BOOK IX. TSZE HAN.	CHAP. IV	167
BOOK IX. TSZE HAN.	CHAP. V	386
BOOK IX. TSZE HAN.	CHAP. VI	656
BOOK IX. TSZE HAN.	CHAP. VII	213
BOOK IX. TSZE HAN.	CHAP. VIII	114
BOOK IX. TSZE HAN.	CHAP. IX	291
BOOK IX. TSZE HAN.	CHAP. X	663
BOOK IX. TSZE HAN.	CHAP. XI	518
BOOK IX. TSZE HAN.	CHAP. XII	230
BOOK IX. TSZE HAN.	CHAP. XIII	248
BOOK IX. TSZE HAN.	CHAP. XIV	172
BOOK IX. TSZE HAN.	CHAP. XV	268
BOOK IX. TSZE HAN.	CHAP. XVI	106
BOOK IX. TSZE HAN.	CHAP. XVII	86
BOOK IX. TSZE HAN.	CHAP. XVIII	374
BOOK IX. TSZE HAN.	CHAP. XIX	97
BOOK IX. TSZE HAN.	CHAP. XX	113
BOOK IX. TSZE HAN.	CHAP. XXI	186
BOOK IX. TSZE HAN.	CHAP. XXII	271
BOOK IX. TSZE HAN.	CHAP. XXV	421
BOOK IX. TSZE HAN.	CHAP. XXIV	172
BOOK IX. TSZE HAN.	CHAP. XXV	155
BOOK IX. TSZE HAN.	CHAP. XXVI	445
BOOK IX. TSZE HAN.	CHAP. XXVII	134
BOOK IX. TSZE HAN.	CHAP. XXVIII	117
BOOK IX. TSZE HAN.	CHAP. XXIX	379
BOOK IX. TSZE HAN.	CHAP. XXX	193
BOOK X. HEANG TANG.	CHAP. I	582
BOOK X. HEANG TANG.	CHAP. III	556
BOOK X. HEANG TANG.	CHAP. IV	928
BOOK X. HEANG TANG.	CHAP. V	559
BOOK X. HEANG TANG.	CHAP. VI	1079
BOOK X. HEANG TANG.	CHAP. VII	249
BOOK X. HEANG TANG.	CHAP. VIII	1321
BOOK X. HEANG TANG.	CHAP. IX	61
BOOK X. HEANG TANG.	CHAP. X	290
BOOK X. HEANG TANG.	CHAP. XI	269
BOOK X. HEANG TANG.	CHAP. XII	143
BOOK X. HEANG TANG.	CHAP. XIII	749
BOOK X. HEANG TANG.	CHAP. XIV	88
BOOK X. HEANG TANG.	CHAP. XV	337
BOOK X. HEANG TANG.	CHAP. XVI	757
BOOK X. HEANG TANG.	CHAP. XVII	233
BOOK X. HEANG TANG.	CHAP. XVIII	259
BOOK XI. HSIEN TSIN.	CHAP. I	298
BOOK XI. HSIEN TSIN.	CHAP. II	422
BOOK XI. HSIEN TSIN.	CHAP. III	115
BOOK XI. HSIEN TSIN.	CHAP. IV	150
BOOK XI. HSIEN TSIN.	CHAP. V	146
BOOK XI. HSIEN TSIN.	CHAP. VI	239
BOOK XI. HSIEN TSIN.	CHAP. VII	452
BOOK XI. HSIEN TSIN.	CHAP. VIII	106
BOOK XI. HSIEN TSIN.	CHAP. IX	268
BOOK XI. HSIEN TSIN.	CHAP. X	347
BOOK XI. HSIEN TSIN.	CHAP. XI	275
BOOK XI. HSIEN TSIN.	CHAP. XII	274
BOOK XI. HSIEN TSIN.	CHAP. XIII	312
BOOK XI. HSIEN TSIN.	CHAP. XIV	239
BOOK XI. HSIEN TSIN.	CHAP. XV	315
BOOK XI. HSIEN TSIN.	CHAP. XVI	262
BOOK XI. HSIEN TSIN.	CHAP. XVII	109
BOOK XI. HSIEN TSIN.	CHAP. XVIII	250
BOOK XI. HSIEN TSIN.	CHAP. XIX	197
BOOK XI. HSIEN TSIN.	CHAP. XX	184
BOOK XI. HSIEN TSIN.	CHAP. XXI	934
BOOK XI. HSIEN TSIN.	CHAP. XXII	205
BOOK XI. HSIEN TSIN.	CHAP. XXIII	624
BOOK XI. HSIEN TSIN.	CHAP. XXIV	411
BOOK XI. HSIEN TSIN.	CHAP. XXV	3144
BOOK XII. YEN YUAN.	CHAP. I	721
BOOK XII. YEN YUAN.	CHAP. II	480
BOOK XII. YEN YUAN.	CHAP. III	359
BOOK XII. YEN YUAN.	CHAP. IV	369
BOOK XII. YEN YUAN.	CHAP. V	578
BOOK XII. YEN YUAN.	CHAP. VI	358
BOOK XII. YEN YUAN.	CHAP. VII	723
BOOK XII. YEN YUAN.	CHAP. VIII	467
BOOK XII. YEN YUAN.	CHAP. IX	510
BOOK XII. YEN YUAN.	CHAP. X	513
BOOK XII. YEN YUAN.	CHAP. XI	419
BOOK XII. YEN YUAN.	CHAP. XII	140
BOOK XII. YEN YUAN.	CHAP. XIII	154
BOOK XII. YEN YUAN.	CHAP. XIV	194
BOOK XII. YEN YUAN.	CHAP. XV	185
BOOK XII. YEN YUAN.	CHAP. XVI	185
BOOK XII. YEN YUAN.	CHAP. XVII	180
BOOK XII. YEN YUAN.	CHAP. XVIII	236
BOOK XII. YEN YUAN.	CHAP. XIX	452
BOOK XII. YEN YUAN.	CHAP. XX	882
BOOK XII. YEN YUAN.	CHAP. XXI	615
BOOK XII. YEN YUAN.	CHAP. XXII	1017
BOOK XII. YEN YUAN.	CHAP. XXIII	188
BOOK XII. YEN YUAN.	CHAP. XXIV	138
BOOK XIII. TSZE-LU.	CHAP. I	236
BOOK XIII. TSZE-LU.	CHAP. II	470
BOOK XIII. TSZE-LU.	CHAP. III	1222
BOOK XIII. TSZE-LU.	CHAP. IV	722
BOOK XIII. TSZE-LU.	CHAP. V	323
BOOK XIII. TSZE-LU.	CHAP. VI	225
BOOK XIII. TSZE-LU.	CHAP. VII	73
BOOK XIII. TSZE-LU.	CHAP. VIII	308
BOOK XIII. TSZE-LU.	CHAP. IX	365
BOOK XIII. TSZE-LU.	CHAP. X	211
BOOK XIII. TSZE-LU.	CHAP. XI	221
BOOK XIII. TSZE-LU.	CHAP. XII	136
BOOK XIII. TSZE-LU.	CHAP. XIII	202
BOOK XIII. TSZE-LU.	CHAP. XIV	304
BOOK XIII. TSZE-LU.	CHAP. XV	988
BOOK XIII. TSZE-LU.	CHAP. XVI	191
BOOK XIII. TSZE-LU.	CHAP. XVII	320
BOOK XIII. TSZE-LU.	CHAP. XVIII	456
BOOK XIII. TSZE-LU.	CHAP. XIX	309
BOOK XIII. TSZE-LU.	CHAP. XX	1012
BOOK XIII. TSZE-LU.	CHAP. XXI	284
BOOK XIII. TSZE-LU.	CHAP. XXII	308
BOOK XIII. TSZE-LU.	CHAP. XXIII	121
BOOK XIII. TSZE-LU.	CHAP. XXIV	435
BOOK XIII. TSZE-LU.	CHAP. XXV	486
BOOK XIII. TSZE-LU.	CHAP. XXVI	131
BOOK XIII. TSZE-LU.	CHAP. XXVII	100
BOOK XIII. TSZE-LU.	CHAP. XXVIII	243
BOOK XIII. TSZE-LU.	CHAP. XXIX	121
BOOK XIII. TSZE-LU.	CHAP. XXX	84
BOOK XIV. HSIEN WAN.	CHAP. I	238
BOOK XIV. HSIEN WAN.	CHAP. II	285
BOOK XIV. HSIEN WAN.	CHAP. III	110
BOOK XIV. HSIEN WAN.	CHAP. IV	233
BOOK XIV. HSIEN WAN.	CHAP. V	232
BOOK XIV. HSIEN WAN.	CHAP. VI	421
BOOK XIV. HSIEN WAN.	CHAP. VII	166
BOOK XIV. HSIEN WAN.	CHAP. VIII	173
BOOK XIV. HSIEN WAN.	CHAP. IX	302
BOOK XIV. HSIEN WAN.	CHAP. X	418
BOOK XIV. HSIEN WAN.	CHAP. XI	112
BOOK XIV. HSIEN WAN.	CHAP. XII	191
BOOK XIV. HSIEN WAN.	CHAP. XIII	712
BOOK XIV. HSIEN WAN.	CHAP. XIV	575
BOOK XIV. HSIEN WAN.	CHAP. XV	232
BOOK XIV. HSIEN WAN.	CHAP. XVI	128
BOOK XIV. HSIEN WAN.	CHAP. XVII	431
BOOK XIV. HSIEN WAN.	CHAP. XVIII	749
BOOK XIV. HSIEN WAN.	CHAP. XIX	242
BOOK XIV. HSIEN WAN.	CHAP. XX	474
BOOK XIV. HSIEN WAN.	CHAP. XXI	106
BOOK XIV. HSIEN WAN.	CHAP. XXII	688
BOOK XIV. HSIEN WAN.	CHAP. XXIII	137
BOOK XIV. HSIEN WAN.	CHAP. XXIV	117
BOOK XIV. HSIEN WAN.	CHAP. XXV	161
BOOK XIV. HSIEN WAN.	CHAP. XXVI	361
BOOK XIV. HSIEN WAN.	CHAP. XXVII	136
BOOK XIV. HSIEN WAN.	CHAP. XXVIII	105
BOOK XIV. HSIEN WAN.	CHAP. XXIX	99
BOOK XIV. HSIEN WAN.	CHAP. XXX	269
BOOK XIV. HSIEN WAN.	CHAP. XXXI	168
BOOK XIV. HSIEN WAN.	CHAP. XXXII	125
BOOK XIV. HSIEN WAN.	CHAP. XXXIII	225
BOOK XIV. HSIEN WAN.	CHAP. XXXIV	242
BOOK XIV. HSIEN WAN.	CHAP. XXXV	125
BOOK XIV. HSIEN WAN.	CHAP. XXXVI	278
BOOK XIV. HSIEN WAN.	CHAP. XXXVII	329
BOOK XIV. HSIEN WAN.	CHAP. XXXVIII	487
BOOK XIV. HSIEN WAN.	CHAP. XXXIX	233
BOOK XIV. HSIEN WAN.	CHAP. XL	70
BOOK XIV. HSIEN WAN.	CHAP. XLI	268
BOOK XIV. HSIEN WAN.	CHAP. XLII	633
BOOK XIV. HSIEN WAN.	CHAP. XLIII	413
BOOK XIV. HSIEN WAN.	CHAP. XLIV	142
BOOK XIV. HSIEN WAN.	CHAP. XLV	468
BOOK XIV. HSIEN WAN.	CHAP. XLVI	305
BOOK XIV. HSIEN WAN.	CHAP. XLVI	446
BOOK XV. WEI LING KUNG.	CHAP. I	594
BOOK XV. WEI LING KUNG.	CHAP. II	254
BOOK XV. WEI LING KUNG.	CHAP. III	64
BOOK XV. WEI LING KUNG.	CHAP. IV	185
BOOK XV. WEI LING KUNG.	CHAP. V	718
BOOK XV. WEI LING KUNG.	CHAP. VI	413
BOOK XV. WEI LING KUNG.	CHAP. VII	267
BOOK XV. WEI LING KUNG.	CHAP. VIII	209
BOOK XV. WEI LING KUNG.	CHAP. IX	303
BOOK XV. WEI LING KUNG.	CHAP. X	435
BOOK XV. WEI LING KUNG.	CHAP. XI	111
BOOK XV. WEI LING KUNG.	CHAP. XII	102
BOOK XV. WEI LING KUNG.	CHAP. XIII	206
BOOK XV. WEI LING KUNG.	CHAP. XIV	142
BOOK XV. WEI LING KUNG.	CHAP. XV	164
BOOK XV. WEI LING KUNG.	CHAP. XVI	247
BOOK XV. WEI LING KUNG.	CHAP. XVII	249
BOOK XV. WEI LING KUNG.	CHAP. XVIII	131
BOOK XV. WEI LING KUNG.	CHAP. XIX	116
BOOK XV. WEI LING KUNG.	CHAP. XX	112
BOOK XV. WEI LING KUNG.	CHAP. XXI	118
BOOK XV. WEI LING KUNG.	CHAP. XXII	155
BOOK XV. WEI LING KUNG.	CHAP. XXIII	224
BOOK XV. WEI LING KUNG.	CHAP. XXIV	341
BOOK XV. WEI LING KUNG.	CHAP. XXV	199
BOOK XV. WEI LING KUNG.	CHAP. XXVI	121
BOOK XV. WEI LING KUNG.	CHAP. XXVII	175
BOOK XV. WEI LING KUNG.	CHAP. XXVIII	121
BOOK XV. WEI LING KUNG.	CHAP. XXIX	120
BOOK XV. WEI LING KUNG.	CHAP. XXX	183
BOOK XV. WEI LING KUNG.	CHAP. XXXI	313
BOOK XV. WEI LING KUNG.	CHAP. XXXII	581
BOOK XV. WEI LING KUNG.	CHAP. XXXIII	221
BOOK XV. WEI LING KUNG.	CHAP. XXXIV	199
BOOK XV. WEI LING KUNG.	CHAP. XXXV	149
BOOK XV. WEI LING KUNG.	CHAP. XXXVI	86
BOOK XV. WEI LING KUNG.	CHAP. XXXVII	149
BOOK XV. WEI LING KUNG.	CHAP. XXXVIII	84
BOOK XV. WEI LING KUNG.	CHAP. XXXIX	97
BOOK XV. WEI LING KUNG.	CHAP. XL	91
BOOK XV. WEI LING KUNG.	CHAP. XLI	529
BOOK XVI. KE SHE.	CHAP. I	2816
BOOK XVI. KE SHE.	CHAP. II	989
BOOK XVI. KE SHE.	CHAP. III	254
BOOK XVI. KE SHE.	CHAP. IV	387
BOOK XVI. KE SHE.	CHAP. V	523
BOOK XVI. KE SHE.	CHAP. VI	394
BOOK XVI. KE SHE.	CHAP. VII	350
BOOK XVI. KE SHE.	CHAP. VIII	397
BOOK XVI. KE SHE.	CHAP. IX	377
BOOK XVI. KE SHE.	CHAP. X	751
BOOK XVI. KE SHE.	CHAP. XI	425
BOOK XVI. KE SHE.	CHAP. XII	340
BOOK XVI. KE SHE.	CHAP. XIII	1092
BOOK XVI. KE SHE.	CHAP. XIV	261
BOOK XVII. YANG HO.	CHAP. I	744
BOOK XVII. YANG HO.	CHAP. II	102
BOOK XVII. YANG HO.	CHAP. III	135
BOOK XVII. YANG HO.	CHAP. IV	492
BOOK XVII. YANG HO.	CHAP. V	404
BOOK XVII. YANG HO.	CHAP. VI	549
BOOK XVII. YANG HO.	CHAP. VII	688
BOOK XVII. YANG HO.	CHAP. VIII	895
BOOK XVII. YANG HO.	CHAP. IX	532
BOOK XVII. YANG HO.	CHAP. X	226
BOOK XVII. YANG HO.	CHAP. XI	291
BOOK XVII. YANG HO.	CHAP. XII	219
BOOK XVII. YANG HO.	CHAP. XIII	98
BOOK XVII. YANG HO.	CHAP. XIV	114
BOOK XVII. YANG HO.	CHAP. XV	392
BOOK XVII. YANG HO.	CHAP. XVI	537
BOOK XVII. YANG HO.	CHAP. XVII	105
BOOK XVII. YANG HO.	CHAP. XVIII	246
BOOK XVII. YANG HO.	CHAP. XIX	333
BOOK XVII. YANG HO.	CHAP. XX	238
BOOK XVII. YANG HO.	CHAP. XXI	1369
BOOK XVII. YANG HO.	CHAP. XXII	261
BOOK XVII. YANG HO.	CHAP. XXIII	333
BOOK XVII. YANG HO.	CHAP. XXIV	723
BOOK XVII. YANG HO.	CHAP. XXV	220
BOOK XVII. YANG HO.	CHAP. XXVI	104
BOOK XVIII. WEI TSZE.	CHAP. I	223
BOOK XVIII. WEI TSZE.	CHAP. II	395
BOOK XVIII. WEI TSZE.	CHAP. III	374
BOOK XVIII. WEI TSZE.	CHAP. IV	164
BOOK XVIII. WEI TSZE.	CHAP. V	458
BOOK XVIII. WEI TSZE.	CHAP. VI	1327
BOOK XVIII. WEI TSZE.	CHAP. VII	1338
BOOK XVIII. WEI TSZE.	CHAP. VIII	1000
BOOK XVIII. WEI TSZE.	CHAP. IX	504
BOOK XVIII. WEI TSZE.	CHAP. X	351
BOOK XVIII. WEI TSZE.	CHAP. XI	118
BOOK XIX. TSZE-CHANG.	CHAP. I	365
BOOK XIX. TSZE-CHANG.	CHAP. II	217
BOOK XIX. TSZE-CHANG.	CHAP. III	708
BOOK XIX. TSZE-CHANG.	CHAP. IV	273
BOOK XIX. TSZE-CHANG.	CHAP. V	186
BOOK XIX. TSZE-CHANG.	CHAP. VI	191
BOOK XIX. TSZE-CHANG.	CHAP. VII	181
BOOK XIX. TSZE-CHANG.	CHAP. VIII	70
BOOK XIX. TSZE-CHANG.	CHAP. IX	205
BOOK XIX. TSZE-CHANG.	CHAP. X	370
BOOK XIX. TSZE-CHANG.	CHAP. XI	151
BOOK XIX. TSZE-CHANG.	CHAP. XII	931
BOOK XIX. TSZE-CHANG.	CHAP. XIII	197
BOOK XIX. TSZE-CHANG.	CHAP. XIV	112
BOOK XIX. TSZE-CHANG.	CHAP. XV	123
BOOK XIX. TSZE-CHANG.	CHAP. XVI	128
BOOK XIX. TSZE-CHANG.	CHAP. XVII	214
BOOK XIX. TSZE-CHANG.	CHAP. XVIII	301
BOOK XIX. TSZE-CHANG.	CHAP. XIX	383
BOOK XIX. TSZE-CHANG.	CHAP. XX	210
BOOK XIX. TSZE-CHANG.	CHAP. XXI	189
BOOK XIX. TSZE-CHANG.	CHAP. XXII	568
BOOK XIX. TSZE-CHANG.	CHAP. XXIII	710
BOOK XIX. TSZE-CHANG.	CHAP. XXIV	441
BOOK XIX. TSZE-CHANG.	CHAP. XXV	1010
BOOK XX. YAO YUEH.	CHAP. I	1745
BOOK XX. YAO YUEH.	CHAP. II	2399